--
-- PostgreSQL database dump
--

-- Dumped from database version 14.18 (Homebrew)
-- Dumped by pg_dump version 14.18 (Homebrew)

SET statement_timeout = 0;
SET lock_timeout = 0;
SET idle_in_transaction_session_timeout = 0;
SET client_encoding = 'UTF8';
SET standard_conforming_strings = on;
SELECT pg_catalog.set_config('search_path', '', false);
SET check_function_bodies = false;
SET xmloption = content;
SET client_min_messages = warning;
SET row_security = off;

SET default_tablespace = '';

SET default_table_access_method = heap;

--
-- Name: auth_group; Type: TABLE; Schema: public; Owner: ghost
--

CREATE TABLE public.auth_group (
    id integer NOT NULL,
    name character varying(150) NOT NULL
);


ALTER TABLE public.auth_group OWNER TO ghost;

--
-- Name: auth_group_id_seq; Type: SEQUENCE; Schema: public; Owner: ghost
--

ALTER TABLE public.auth_group ALTER COLUMN id ADD GENERATED BY DEFAULT AS IDENTITY (
    SEQUENCE NAME public.auth_group_id_seq
    START WITH 1
    INCREMENT BY 1
    NO MINVALUE
    NO MAXVALUE
    CACHE 1
);


--
-- Name: auth_group_permissions; Type: TABLE; Schema: public; Owner: ghost
--

CREATE TABLE public.auth_group_permissions (
    id bigint NOT NULL,
    group_id integer NOT NULL,
    permission_id integer NOT NULL
);


ALTER TABLE public.auth_group_permissions OWNER TO ghost;

--
-- Name: auth_group_permissions_id_seq; Type: SEQUENCE; Schema: public; Owner: ghost
--

ALTER TABLE public.auth_group_permissions ALTER COLUMN id ADD GENERATED BY DEFAULT AS IDENTITY (
    SEQUENCE NAME public.auth_group_permissions_id_seq
    START WITH 1
    INCREMENT BY 1
    NO MINVALUE
    NO MAXVALUE
    CACHE 1
);


--
-- Name: auth_permission; Type: TABLE; Schema: public; Owner: ghost
--

CREATE TABLE public.auth_permission (
    id integer NOT NULL,
    name character varying(255) NOT NULL,
    content_type_id integer NOT NULL,
    codename character varying(100) NOT NULL
);


ALTER TABLE public.auth_permission OWNER TO ghost;

--
-- Name: auth_permission_id_seq; Type: SEQUENCE; Schema: public; Owner: ghost
--

ALTER TABLE public.auth_permission ALTER COLUMN id ADD GENERATED BY DEFAULT AS IDENTITY (
    SEQUENCE NAME public.auth_permission_id_seq
    START WITH 1
    INCREMENT BY 1
    NO MINVALUE
    NO MAXVALUE
    CACHE 1
);


--
-- Name: auth_user; Type: TABLE; Schema: public; Owner: ghost
--

CREATE TABLE public.auth_user (
    id integer NOT NULL,
    password character varying(128) NOT NULL,
    last_login timestamp with time zone,
    is_superuser boolean NOT NULL,
    username character varying(150) NOT NULL,
    first_name character varying(150) NOT NULL,
    last_name character varying(150) NOT NULL,
    email character varying(254) NOT NULL,
    is_staff boolean NOT NULL,
    is_active boolean NOT NULL,
    date_joined timestamp with time zone NOT NULL
);


ALTER TABLE public.auth_user OWNER TO ghost;

--
-- Name: auth_user_groups; Type: TABLE; Schema: public; Owner: ghost
--

CREATE TABLE public.auth_user_groups (
    id bigint NOT NULL,
    user_id integer NOT NULL,
    group_id integer NOT NULL
);


ALTER TABLE public.auth_user_groups OWNER TO ghost;

--
-- Name: auth_user_groups_id_seq; Type: SEQUENCE; Schema: public; Owner: ghost
--

ALTER TABLE public.auth_user_groups ALTER COLUMN id ADD GENERATED BY DEFAULT AS IDENTITY (
    SEQUENCE NAME public.auth_user_groups_id_seq
    START WITH 1
    INCREMENT BY 1
    NO MINVALUE
    NO MAXVALUE
    CACHE 1
);


--
-- Name: auth_user_id_seq; Type: SEQUENCE; Schema: public; Owner: ghost
--

ALTER TABLE public.auth_user ALTER COLUMN id ADD GENERATED BY DEFAULT AS IDENTITY (
    SEQUENCE NAME public.auth_user_id_seq
    START WITH 1
    INCREMENT BY 1
    NO MINVALUE
    NO MAXVALUE
    CACHE 1
);


--
-- Name: auth_user_user_permissions; Type: TABLE; Schema: public; Owner: ghost
--

CREATE TABLE public.auth_user_user_permissions (
    id bigint NOT NULL,
    user_id integer NOT NULL,
    permission_id integer NOT NULL
);


ALTER TABLE public.auth_user_user_permissions OWNER TO ghost;

--
-- Name: auth_user_user_permissions_id_seq; Type: SEQUENCE; Schema: public; Owner: ghost
--

ALTER TABLE public.auth_user_user_permissions ALTER COLUMN id ADD GENERATED BY DEFAULT AS IDENTITY (
    SEQUENCE NAME public.auth_user_user_permissions_id_seq
    START WITH 1
    INCREMENT BY 1
    NO MINVALUE
    NO MAXVALUE
    CACHE 1
);


--
-- Name: core_aimodel; Type: TABLE; Schema: public; Owner: ghost
--

CREATE TABLE public.core_aimodel (
    id bigint NOT NULL,
    model_name character varying(255) NOT NULL,
    version character varying(50) NOT NULL,
    training_date timestamp with time zone NOT NULL,
    performance_metrics jsonb,
    lot_id bigint
);


ALTER TABLE public.core_aimodel OWNER TO ghost;

--
-- Name: core_aimodel_id_seq; Type: SEQUENCE; Schema: public; Owner: ghost
--

ALTER TABLE public.core_aimodel ALTER COLUMN id ADD GENERATED BY DEFAULT AS IDENTITY (
    SEQUENCE NAME public.core_aimodel_id_seq
    START WITH 1
    INCREMENT BY 1
    NO MINVALUE
    NO MAXVALUE
    CACHE 1
);


--
-- Name: core_car; Type: TABLE; Schema: public; Owner: ghost
--

CREATE TABLE public.core_car (
    id bigint NOT NULL,
    license_plate character varying(20) NOT NULL,
    driver_id bigint NOT NULL
);


ALTER TABLE public.core_car OWNER TO ghost;

--
-- Name: core_car_id_seq; Type: SEQUENCE; Schema: public; Owner: ghost
--

ALTER TABLE public.core_car ALTER COLUMN id ADD GENERATED BY DEFAULT AS IDENTITY (
    SEQUENCE NAME public.core_car_id_seq
    START WITH 1
    INCREMENT BY 1
    NO MINVALUE
    NO MAXVALUE
    CACHE 1
);


--
-- Name: core_driver; Type: TABLE; Schema: public; Owner: ghost
--

CREATE TABLE public.core_driver (
    user_id bigint NOT NULL,
    license_number character varying(50) NOT NULL,
    phone_number character varying(20) NOT NULL,
    address character varying(255),
    city character varying(100),
    country character varying(100),
    age integer,
    CONSTRAINT core_driver_age_check CHECK ((age >= 0))
);


ALTER TABLE public.core_driver OWNER TO ghost;

--
-- Name: core_parkinglot; Type: TABLE; Schema: public; Owner: ghost
--

CREATE TABLE public.core_parkinglot (
    id bigint NOT NULL,
    name character varying(255) NOT NULL,
    address character varying(255),
    total_capacity integer NOT NULL,
    profile_image_url character varying(500),
    provider_id bigint NOT NULL,
    city character varying(100),
    country character varying(100)
);


ALTER TABLE public.core_parkinglot OWNER TO ghost;

--
-- Name: core_parkinglot_id_seq; Type: SEQUENCE; Schema: public; Owner: ghost
--

ALTER TABLE public.core_parkinglot ALTER COLUMN id ADD GENERATED BY DEFAULT AS IDENTITY (
    SEQUENCE NAME public.core_parkinglot_id_seq
    START WITH 1
    INCREMENT BY 1
    NO MINVALUE
    NO MAXVALUE
    CACHE 1
);


--
-- Name: core_parkingsession; Type: TABLE; Schema: public; Owner: ghost
--

CREATE TABLE public.core_parkingsession (
    id bigint NOT NULL,
    start_time timestamp with time zone NOT NULL,
    end_time timestamp with time zone,
    cost numeric(8,2),
    car_id bigint NOT NULL,
    spot_id bigint NOT NULL
);


ALTER TABLE public.core_parkingsession OWNER TO ghost;

--
-- Name: core_parkingsession_id_seq; Type: SEQUENCE; Schema: public; Owner: ghost
--

ALTER TABLE public.core_parkingsession ALTER COLUMN id ADD GENERATED BY DEFAULT AS IDENTITY (
    SEQUENCE NAME public.core_parkingsession_id_seq
    START WITH 1
    INCREMENT BY 1
    NO MINVALUE
    NO MAXVALUE
    CACHE 1
);


--
-- Name: core_parkingspot; Type: TABLE; Schema: public; Owner: ghost
--

CREATE TABLE public.core_parkingspot (
    id bigint NOT NULL,
    spot_number character varying(50) NOT NULL,
    is_reserved boolean NOT NULL,
    status character varying(50) NOT NULL,
    image_url character varying(500),
    lot_id bigint NOT NULL
);


ALTER TABLE public.core_parkingspot OWNER TO ghost;

--
-- Name: core_parkingspot_id_seq; Type: SEQUENCE; Schema: public; Owner: ghost
--

ALTER TABLE public.core_parkingspot ALTER COLUMN id ADD GENERATED BY DEFAULT AS IDENTITY (
    SEQUENCE NAME public.core_parkingspot_id_seq
    START WITH 1
    INCREMENT BY 1
    NO MINVALUE
    NO MAXVALUE
    CACHE 1
);


--
-- Name: core_role; Type: TABLE; Schema: public; Owner: ghost
--

CREATE TABLE public.core_role (
    id bigint NOT NULL,
    role_name character varying(50) NOT NULL
);


ALTER TABLE public.core_role OWNER TO ghost;

--
-- Name: core_role_id_seq; Type: SEQUENCE; Schema: public; Owner: ghost
--

ALTER TABLE public.core_role ALTER COLUMN id ADD GENERATED BY DEFAULT AS IDENTITY (
    SEQUENCE NAME public.core_role_id_seq
    START WITH 1
    INCREMENT BY 1
    NO MINVALUE
    NO MAXVALUE
    CACHE 1
);


--
-- Name: core_serviceprovider; Type: TABLE; Schema: public; Owner: ghost
--

CREATE TABLE public.core_serviceprovider (
    user_id bigint NOT NULL,
    company_name character varying(255) NOT NULL,
    contact_person character varying(100) NOT NULL,
    phone_number character varying(20) NOT NULL,
    address character varying(255),
    city character varying(100),
    country character varying(100),
    age integer,
    terminal_picture character varying(100),
    CONSTRAINT core_serviceprovider_age_check CHECK ((age >= 0))
);


ALTER TABLE public.core_serviceprovider OWNER TO ghost;

--
-- Name: core_user; Type: TABLE; Schema: public; Owner: ghost
--

CREATE TABLE public.core_user (
    id bigint NOT NULL,
    password character varying(128) NOT NULL,
    last_login timestamp with time zone,
    is_superuser boolean NOT NULL,
    username character varying(150) NOT NULL,
    first_name character varying(150) NOT NULL,
    last_name character varying(150) NOT NULL,
    email character varying(254) NOT NULL,
    is_staff boolean NOT NULL,
    is_active boolean NOT NULL,
    date_joined timestamp with time zone NOT NULL,
    gender character varying(1),
    role_id bigint,
    profile_picture character varying(100)
);


ALTER TABLE public.core_user OWNER TO ghost;

--
-- Name: core_user_groups; Type: TABLE; Schema: public; Owner: ghost
--

CREATE TABLE public.core_user_groups (
    id bigint NOT NULL,
    user_id bigint NOT NULL,
    group_id integer NOT NULL
);


ALTER TABLE public.core_user_groups OWNER TO ghost;

--
-- Name: core_user_groups_id_seq; Type: SEQUENCE; Schema: public; Owner: ghost
--

ALTER TABLE public.core_user_groups ALTER COLUMN id ADD GENERATED BY DEFAULT AS IDENTITY (
    SEQUENCE NAME public.core_user_groups_id_seq
    START WITH 1
    INCREMENT BY 1
    NO MINVALUE
    NO MAXVALUE
    CACHE 1
);


--
-- Name: core_user_id_seq; Type: SEQUENCE; Schema: public; Owner: ghost
--

ALTER TABLE public.core_user ALTER COLUMN id ADD GENERATED BY DEFAULT AS IDENTITY (
    SEQUENCE NAME public.core_user_id_seq
    START WITH 1
    INCREMENT BY 1
    NO MINVALUE
    NO MAXVALUE
    CACHE 1
);


--
-- Name: core_user_user_permissions; Type: TABLE; Schema: public; Owner: ghost
--

CREATE TABLE public.core_user_user_permissions (
    id bigint NOT NULL,
    user_id bigint NOT NULL,
    permission_id integer NOT NULL
);


ALTER TABLE public.core_user_user_permissions OWNER TO ghost;

--
-- Name: core_user_user_permissions_id_seq; Type: SEQUENCE; Schema: public; Owner: ghost
--

ALTER TABLE public.core_user_user_permissions ALTER COLUMN id ADD GENERATED BY DEFAULT AS IDENTITY (
    SEQUENCE NAME public.core_user_user_permissions_id_seq
    START WITH 1
    INCREMENT BY 1
    NO MINVALUE
    NO MAXVALUE
    CACHE 1
);


--
-- Name: django_admin_log; Type: TABLE; Schema: public; Owner: ghost
--

CREATE TABLE public.django_admin_log (
    id integer NOT NULL,
    action_time timestamp with time zone NOT NULL,
    object_id text,
    object_repr character varying(200) NOT NULL,
    action_flag smallint NOT NULL,
    change_message text NOT NULL,
    content_type_id integer,
    user_id integer NOT NULL,
    CONSTRAINT django_admin_log_action_flag_check CHECK ((action_flag >= 0))
);


ALTER TABLE public.django_admin_log OWNER TO ghost;

--
-- Name: django_admin_log_id_seq; Type: SEQUENCE; Schema: public; Owner: ghost
--

ALTER TABLE public.django_admin_log ALTER COLUMN id ADD GENERATED BY DEFAULT AS IDENTITY (
    SEQUENCE NAME public.django_admin_log_id_seq
    START WITH 1
    INCREMENT BY 1
    NO MINVALUE
    NO MAXVALUE
    CACHE 1
);


--
-- Name: django_content_type; Type: TABLE; Schema: public; Owner: ghost
--

CREATE TABLE public.django_content_type (
    id integer NOT NULL,
    app_label character varying(100) NOT NULL,
    model character varying(100) NOT NULL
);


ALTER TABLE public.django_content_type OWNER TO ghost;

--
-- Name: django_content_type_id_seq; Type: SEQUENCE; Schema: public; Owner: ghost
--

ALTER TABLE public.django_content_type ALTER COLUMN id ADD GENERATED BY DEFAULT AS IDENTITY (
    SEQUENCE NAME public.django_content_type_id_seq
    START WITH 1
    INCREMENT BY 1
    NO MINVALUE
    NO MAXVALUE
    CACHE 1
);


--
-- Name: django_migrations; Type: TABLE; Schema: public; Owner: ghost
--

CREATE TABLE public.django_migrations (
    id bigint NOT NULL,
    app character varying(255) NOT NULL,
    name character varying(255) NOT NULL,
    applied timestamp with time zone NOT NULL
);


ALTER TABLE public.django_migrations OWNER TO ghost;

--
-- Name: django_migrations_id_seq; Type: SEQUENCE; Schema: public; Owner: ghost
--

ALTER TABLE public.django_migrations ALTER COLUMN id ADD GENERATED BY DEFAULT AS IDENTITY (
    SEQUENCE NAME public.django_migrations_id_seq
    START WITH 1
    INCREMENT BY 1
    NO MINVALUE
    NO MAXVALUE
    CACHE 1
);


--
-- Name: django_session; Type: TABLE; Schema: public; Owner: ghost
--

CREATE TABLE public.django_session (
    session_key character varying(40) NOT NULL,
    session_data text NOT NULL,
    expire_date timestamp with time zone NOT NULL
);


ALTER TABLE public.django_session OWNER TO ghost;

--
-- Data for Name: auth_group; Type: TABLE DATA; Schema: public; Owner: ghost
--

COPY public.auth_group (id, name) FROM stdin;
\.


--
-- Data for Name: auth_group_permissions; Type: TABLE DATA; Schema: public; Owner: ghost
--

COPY public.auth_group_permissions (id, group_id, permission_id) FROM stdin;
\.


--
-- Data for Name: auth_permission; Type: TABLE DATA; Schema: public; Owner: ghost
--

COPY public.auth_permission (id, name, content_type_id, codename) FROM stdin;
1	Can add log entry	1	add_logentry
2	Can change log entry	1	change_logentry
3	Can delete log entry	1	delete_logentry
4	Can view log entry	1	view_logentry
5	Can add permission	2	add_permission
6	Can change permission	2	change_permission
7	Can delete permission	2	delete_permission
8	Can view permission	2	view_permission
9	Can add group	3	add_group
10	Can change group	3	change_group
11	Can delete group	3	delete_group
12	Can view group	3	view_group
13	Can add user	4	add_user
14	Can change user	4	change_user
15	Can delete user	4	delete_user
16	Can view user	4	view_user
17	Can add content type	5	add_contenttype
18	Can change content type	5	change_contenttype
19	Can delete content type	5	delete_contenttype
20	Can view content type	5	view_contenttype
21	Can add session	6	add_session
22	Can change session	6	change_session
23	Can delete session	6	delete_session
24	Can view session	6	view_session
25	Can add car	7	add_car
26	Can change car	7	change_car
27	Can delete car	7	delete_car
28	Can view car	7	view_car
29	Can add user	8	add_user
30	Can change user	8	change_user
31	Can delete user	8	delete_user
32	Can view user	8	view_user
33	Can add parking lot	9	add_parkinglot
34	Can change parking lot	9	change_parkinglot
35	Can delete parking lot	9	delete_parkinglot
36	Can view parking lot	9	view_parkinglot
37	Can add role	10	add_role
38	Can change role	10	change_role
39	Can delete role	10	delete_role
40	Can view role	10	view_role
41	Can add driver	11	add_driver
42	Can change driver	11	change_driver
43	Can delete driver	11	delete_driver
44	Can view driver	11	view_driver
45	Can add service provider	12	add_serviceprovider
46	Can change service provider	12	change_serviceprovider
47	Can delete service provider	12	delete_serviceprovider
48	Can view service provider	12	view_serviceprovider
49	Can add ai model	13	add_aimodel
50	Can change ai model	13	change_aimodel
51	Can delete ai model	13	delete_aimodel
52	Can view ai model	13	view_aimodel
53	Can add parking spot	14	add_parkingspot
54	Can change parking spot	14	change_parkingspot
55	Can delete parking spot	14	delete_parkingspot
56	Can view parking spot	14	view_parkingspot
57	Can add parking session	15	add_parkingsession
58	Can change parking session	15	change_parkingsession
59	Can delete parking session	15	delete_parkingsession
60	Can view parking session	15	view_parkingsession
\.


--
-- Data for Name: auth_user; Type: TABLE DATA; Schema: public; Owner: ghost
--

COPY public.auth_user (id, password, last_login, is_superuser, username, first_name, last_name, email, is_staff, is_active, date_joined) FROM stdin;
1	pbkdf2_sha256$600000$ZxHEt7G4AuSuktivPDsruV$eYN30Z5DA8riM6+wazX+AqKxVr7zItcjxRXW7T7/C70=	2025-08-21 22:14:54.082581+00	t	imgoat			yeabsiragenet48@gmail.com	t	t	2025-08-15 16:49:23.510549+00
\.


--
-- Data for Name: auth_user_groups; Type: TABLE DATA; Schema: public; Owner: ghost
--

COPY public.auth_user_groups (id, user_id, group_id) FROM stdin;
\.


--
-- Data for Name: auth_user_user_permissions; Type: TABLE DATA; Schema: public; Owner: ghost
--

COPY public.auth_user_user_permissions (id, user_id, permission_id) FROM stdin;
\.


--
-- Data for Name: core_aimodel; Type: TABLE DATA; Schema: public; Owner: ghost
--

COPY public.core_aimodel (id, model_name, version, training_date, performance_metrics, lot_id) FROM stdin;
\.


--
-- Data for Name: core_car; Type: TABLE DATA; Schema: public; Owner: ghost
--

COPY public.core_car (id, license_plate, driver_id) FROM stdin;
1	HR788837	1
3	tdyt777777	8
\.


--
-- Data for Name: core_driver; Type: TABLE DATA; Schema: public; Owner: ghost
--

COPY public.core_driver (user_id, license_number, phone_number, address, city, country, age) FROM stdin;
1	23542452	+251915745991	Shenkor	Harar	Ethiopia	22
8	74865342	+4668998866	Sabian	Dire Dawa	Ethiopia	40
\.


--
-- Data for Name: core_parkinglot; Type: TABLE DATA; Schema: public; Owner: ghost
--

COPY public.core_parkinglot (id, name, address, total_capacity, profile_image_url, provider_id, city, country) FROM stdin;
\.


--
-- Data for Name: core_parkingsession; Type: TABLE DATA; Schema: public; Owner: ghost
--

COPY public.core_parkingsession (id, start_time, end_time, cost, car_id, spot_id) FROM stdin;
\.


--
-- Data for Name: core_parkingspot; Type: TABLE DATA; Schema: public; Owner: ghost
--

COPY public.core_parkingspot (id, spot_number, is_reserved, status, image_url, lot_id) FROM stdin;
\.


--
-- Data for Name: core_role; Type: TABLE DATA; Schema: public; Owner: ghost
--

COPY public.core_role (id, role_name) FROM stdin;
1	Driver
3	Service Provider
\.


--
-- Data for Name: core_serviceprovider; Type: TABLE DATA; Schema: public; Owner: ghost
--

COPY public.core_serviceprovider (user_id, company_name, contact_person, phone_number, address, city, country, age, terminal_picture) FROM stdin;
3	Agona Terminal	Yeabsira	+251915745991	Bisrate Gabriel	Addis Abeba	Ethiopia	23	terminal_pics/_.jpeg
9	Agona Terminal	Yeabsira	+251915745353	Bamburi	Mombasa	Kenya	48	terminal_pics/__2.jpeg
14	bugeme	service pro	+342423422	Bugembe	Jinja	Uganda	50	terminal_pics/Courage_the_Cowardly_Dog.jpeg
\.


--
-- Data for Name: core_user; Type: TABLE DATA; Schema: public; Owner: ghost
--

COPY public.core_user (id, password, last_login, is_superuser, username, first_name, last_name, email, is_staff, is_active, date_joined, gender, role_id, profile_picture) FROM stdin;
1	pbkdf2_sha256$600000$JNXz6G7ctRrOE0RoXuGDoA$znAq95H57Xj2LphpdRmqkWgZmUYuKAm3yN+UrQAdACk=	\N	f	yeabsiragenet_	Yeabsira	Ketema	yeabsiragenet48@gmail.com	f	t	2025-08-19 00:11:43.950887+00	M	1	profile_pics/__1.jpeg
7	pbkdf2_sha256$600000$zn3EzqZYYDcwkNzloOoaIF$/SeR4p1hod7V5DjPM+OLVq7DFzldlTTd4D2KH1Xk9DA=	2025-08-27 08:25:47.947549+00	f	jamghost			jamghost@example.com	f	t	2025-08-24 10:37:57.147678+00	\N	\N	
3	pbkdf2_sha256$600000$37UVMidizCXEN8UgNLRw7N$EU8r8xy/nH3wJxffKJjGCQ0bcaAMEtpYgeIidAhkdy0=	2025-08-27 08:25:59.412+00	f	yeabsira	Yeabsira	Genet	yeabgenet0@gmail.com	f	t	2025-08-21 19:44:07.734895+00	M	3	profile_pics/__3.jpeg
8	pbkdf2_sha256$600000$V0LKQllXN30P7TZ9ZFbRwF$IAdSwaQ8rElveSdGtY6PPVYaE4ZVf6UD/0z73oTPCrM=	2025-08-25 23:21:04.59027+00	f	mamo	mamo	test	ewfdw@gmail.com	f	t	2025-08-24 13:26:07.05499+00	M	1	profile_pics/__wFv0Cn8.jpeg
14	pbkdf2_sha256$600000$21qSovFCxuhDYZZiWgRpwU$2seuWM7Kguem163DojH4gP3ENqyGQwV+aMqYwH2Upfg=	2025-08-27 08:31:36.708228+00	f	servicep	Service	Provider	serviceprovider@gmail.com	f	t	2025-08-27 08:31:18.355583+00	M	3	profile_pics/Courage_the_Cowardly_Dog.jpeg
9	pbkdf2_sha256$600000$j8vrKu4FzEwFPzCytSta6q$HSdZ4ph4NdV41Obx7YLt4Ttd0LnW/Bjv/o1SDtbWAKM=	2025-08-25 23:21:18.351843+00	f	mamos	mamo	service	yeabsira@gmail.com	f	t	2025-08-24 13:28:32.645822+00	F	3	profile_pics/__2.jpeg
16	pbkdf2_sha256$600000$2xxNXZ3fbyPKb0gGLBbVYV$FzsBsYHb4n5StXztXF2mpo89kO7OZQCZKLEO8lmqDAw=	\N	t	iamgoat			yeabsiragenet48@gmail.com	t	t	2025-08-27 09:12:15.455616+00	\N	\N	
\.


--
-- Data for Name: core_user_groups; Type: TABLE DATA; Schema: public; Owner: ghost
--

COPY public.core_user_groups (id, user_id, group_id) FROM stdin;
\.


--
-- Data for Name: core_user_user_permissions; Type: TABLE DATA; Schema: public; Owner: ghost
--

COPY public.core_user_user_permissions (id, user_id, permission_id) FROM stdin;
\.


--
-- Data for Name: django_admin_log; Type: TABLE DATA; Schema: public; Owner: ghost
--

COPY public.django_admin_log (id, action_time, object_id, object_repr, action_flag, change_message, content_type_id, user_id) FROM stdin;
\.


--
-- Data for Name: django_content_type; Type: TABLE DATA; Schema: public; Owner: ghost
--

COPY public.django_content_type (id, app_label, model) FROM stdin;
1	admin	logentry
2	auth	permission
3	auth	group
4	auth	user
5	contenttypes	contenttype
6	sessions	session
7	core	car
8	core	user
9	core	parkinglot
10	core	role
11	core	driver
12	core	serviceprovider
13	core	aimodel
14	core	parkingspot
15	core	parkingsession
\.


--
-- Data for Name: django_migrations; Type: TABLE DATA; Schema: public; Owner: ghost
--

COPY public.django_migrations (id, app, name, applied) FROM stdin;
1	contenttypes	0001_initial	2025-08-14 16:03:19.333129+00
2	auth	0001_initial	2025-08-14 16:03:26.097542+00
3	admin	0001_initial	2025-08-14 16:03:26.981661+00
4	admin	0002_logentry_remove_auto_add	2025-08-14 16:03:27.152278+00
5	admin	0003_logentry_add_action_flag_choices	2025-08-14 16:03:27.20974+00
6	contenttypes	0002_remove_content_type_name	2025-08-14 16:03:27.747072+00
7	auth	0002_alter_permission_name_max_length	2025-08-14 16:03:27.914639+00
8	auth	0003_alter_user_email_max_length	2025-08-14 16:03:28.067301+00
9	auth	0004_alter_user_username_opts	2025-08-14 16:03:28.219246+00
10	auth	0005_alter_user_last_login_null	2025-08-14 16:03:28.278812+00
11	auth	0006_require_contenttypes_0002	2025-08-14 16:03:28.324348+00
12	auth	0007_alter_validators_add_error_messages	2025-08-14 16:03:28.574037+00
13	auth	0008_alter_user_username_max_length	2025-08-14 16:03:28.87209+00
14	auth	0009_alter_user_last_name_max_length	2025-08-14 16:03:29.07718+00
15	auth	0010_alter_group_name_max_length	2025-08-14 16:03:29.334986+00
16	auth	0011_update_proxy_permissions	2025-08-14 16:03:29.431514+00
17	auth	0012_alter_user_first_name_max_length	2025-08-14 16:03:29.525484+00
18	core	0001_initial	2025-08-14 16:03:36.722579+00
19	core	0002_driver_address_driver_city_driver_country_and_more	2025-08-14 16:03:37.309627+00
20	sessions	0001_initial	2025-08-14 16:03:38.124917+00
21	core	0003_driver_age_serviceprovider_age	2025-08-16 07:35:47.66497+00
22	core	0004_driver_plate_number	2025-08-16 13:10:57.552649+00
23	core	0005_remove_car_make_remove_car_model_and_more	2025-08-16 15:29:36.448667+00
24	core	0006_serviceprovider_terminal_picture_and_more	2025-08-19 00:02:25.656988+00
\.


--
-- Data for Name: django_session; Type: TABLE DATA; Schema: public; Owner: ghost
--

COPY public.django_session (session_key, session_data, expire_date) FROM stdin;
wn1f66jwjjmvweeayf5ec1fh96rancnp	.eJxVjLEOAiEQRP-F2hARhMXS3m8gy7LIqYHkuKuM_y6XXKHVJG_ezFsEXJcS1s5zmJK4CCUOvywiPbluRXpgvTdJrS7zFOWmyL3t8tYSv667-3dQsJex9pjJwTE5UJDjSHsmlw0rMuaUHYJjMozWJ9AeNAHG6NFpPWi2OYrPF_aSOLg:1umxce:7XrT9tUQXDMIUp-Xj_k6WYALc9r4xqO4HGz9-5i5HJk	2025-08-29 16:49:44.211367+00
uxz7ljlg932geww08xyaqkvrt4hhpmz7	e30:1upDYb:rWEpThwk9uPCrXoVO5jZaxhTgnmId50_TmQBTiNpbSg	2025-09-04 22:14:53.763722+00
bjxwtzf8ht1dmt5r2yrly76g0p6svarl	e30:1upDYc:57v7bSzRbl1R9IIyQ6CRGdral2NVWGfek5kOcM74u5w	2025-09-04 22:14:54.076759+00
lpg5zgbo9ps37h36ithv85uwoaa6xo7o	.eJxVjMEOwiAQRP-FsyHAAqUevfcbyLJLpWpoUtqT8d9tkx40mdO8N_MWEbe1xK3lJU4srsKJy2-XkJ65HoAfWO-zpLmuy5TkociTNjnMnF-30_07KNjKvh4z6z2gNQMiAwetlXK9JZupZ5eVDaw8JEIDPrng1AhkfABMpuuM-HwB80o3uA:1upQ6V:pXwOfaCmIb4hOXu6Uq7nRxfMgNwVV3zI5IpykOd99is	2025-09-05 11:38:43.932707+00
5r0sc7o9ijqxxgn8iktsthfyh2r9fysh	.eJxVjMEOwiAQRP-FsyHAAqUevfcbyLJLpWpoUtqT8d9tkx40mdO8N_MWEbe1xK3lJU4srsKJy2-XkJ65HoAfWO-zpLmuy5TkociTNjnMnF-30_07KNjKvh4z6z2gNQMiAwetlXK9JZupZ5eVDaw8JEIDPrng1AhkfABMpuuM-HwB80o3uA:1upQeU:yY5dG8ZkCXsvHqsD2RHi2OWYJH0A8dejTIWvzvH6noY	2025-09-05 12:13:50.105127+00
24ioxcxm92nryabbky82u20gak5xcbve	.eJxVjMEOwiAQRP-FsyHAAqUevfcbyLJLpWpoUtqT8d9tkx40mdO8N_MWEbe1xK3lJU4srsKJy2-XkJ65HoAfWO-zpLmuy5TkociTNjnMnF-30_07KNjKvh4z6z2gNQMiAwetlXK9JZupZ5eVDaw8JEIDPrng1AhkfABMpuuM-HwB80o3uA:1upQeU:yY5dG8ZkCXsvHqsD2RHi2OWYJH0A8dejTIWvzvH6noY	2025-09-05 12:13:50.117429+00
st56hxy2ccnosarn1pm6y8v8xsc002xn	.eJxVjMEOwiAQRP-FsyHAAqUevfcbyLJLpWpoUtqT8d9tkx40mdO8N_MWEbe1xK3lJU4srsKJy2-XkJ65HoAfWO-zpLmuy5TkociTNjnMnF-30_07KNjKvh4z6z2gNQMiAwetlXK9JZupZ5eVDaw8JEIDPrng1AhkfABMpuuM-HwB80o3uA:1upQeU:yY5dG8ZkCXsvHqsD2RHi2OWYJH0A8dejTIWvzvH6noY	2025-09-05 12:13:50.121696+00
9pnzrss9bt2ugdh9la553ile855ahdku	.eJxVjMsOwiAQRf-FtSECAwMu3fsNZHhJ1UBS2pXx322TLnR7zzn3zTytS_XryLOfErswx06_W6D4zG0H6UHt3nnsbZmnwHeFH3TwW0_5dT3cv4NKo2412SDIqpyccWhEQYsoYzFZ6IBaJyhBGIpyU0iqMxZAYaDYHECBBsk-X-IXN18:1uqg7S:XEf0_JSLuB31EuBOQc721nZ1y1QvZUgT6kdKFUO-RZc	2025-09-08 22:56:54.840759+00
hwlj8gafnqxjn4a2gfrs3v5gxmmg9q70	.eJxVjMsOwiAQRf-FtSECAwMu3fsNZHhJ1UBS2pXx322TLnR7zzn3zTytS_XryLOfErswx06_W6D4zG0H6UHt3nnsbZmnwHeFH3TwW0_5dT3cv4NKo2412SDIqpyccWhEQYsoYzFZ6IBaJyhBGIpyU0iqMxZAYaDYHECBBsk-X-IXN18:1uqg7T:j4_IJMTZYNftD74gwmOwnYkVAWzOyxgZQiKVheXqG7A	2025-09-08 22:56:55.116182+00
t92772z55tz334l0u7xqh2j71rm9yf5r	.eJxVjMsOwiAQRf-FtSECAwMu3fsNZHhJ1UBS2pXx322TLnR7zzn3zTytS_XryLOfErswx06_W6D4zG0H6UHt3nnsbZmnwHeFH3TwW0_5dT3cv4NKo2412SDIqpyccWhEQYsoYzFZ6IBaJyhBGIpyU0iqMxZAYaDYHECBBsk-X-IXN18:1uqg7T:j4_IJMTZYNftD74gwmOwnYkVAWzOyxgZQiKVheXqG7A	2025-09-08 22:56:55.732127+00
ltm2f38psuqstcsqmmvr9x727i41zwxv	.eJxVjMsOwiAQRf-FtSECAwMu3fsNZHhJ1UBS2pXx322TLnR7zzn3zTytS_XryLOfErswx06_W6D4zG0H6UHt3nnsbZmnwHeFH3TwW0_5dT3cv4NKo2412SDIqpyccWhEQYsoYzFZ6IBaJyhBGIpyU0iqMxZAYaDYHECBBsk-X-IXN18:1uqg7U:TxlcQyb2C_QbNRYTAGAMa1xyhyXFRbSfXTV0s_YwHNI	2025-09-08 22:56:56.106046+00
zlu42z2h8apl2q9gvsij3a4be3rit2dh	.eJxVjMsOwiAQRf-FtSECAwMu3fsNZHhJ1UBS2pXx322TLnR7zzn3zTytS_XryLOfErswx06_W6D4zG0H6UHt3nnsbZmnwHeFH3TwW0_5dT3cv4NKo2412SDIqpyccWhEQYsoYzFZ6IBaJyhBGIpyU0iqMxZAYaDYHECBBsk-X-IXN18:1uqg7U:TxlcQyb2C_QbNRYTAGAMa1xyhyXFRbSfXTV0s_YwHNI	2025-09-08 22:56:56.823161+00
3sox9q1l6m3uyxzks8p45awcrq2q0bcm	.eJxVjMsOwiAQRf-FtSECAwMu3fsNZHhJ1UBS2pXx322TLnR7zzn3zTytS_XryLOfErswx06_W6D4zG0H6UHt3nnsbZmnwHeFH3TwW0_5dT3cv4NKo2412SDIqpyccWhEQYsoYzFZ6IBaJyhBGIpyU0iqMxZAYaDYHECBBsk-X-IXN18:1uqg7V:MG5Z912tnKtTTyFCjkGrm2XHqSMeNtGzAgEbJMU55wk	2025-09-08 22:56:57.127102+00
q5ln8tm4pqciucbdv779a7nkyfsj5e1k	.eJxVjMsOwiAQRf-FtSECAwMu3fsNZHhJ1UBS2pXx322TLnR7zzn3zTytS_XryLOfErswx06_W6D4zG0H6UHt3nnsbZmnwHeFH3TwW0_5dT3cv4NKo2412SDIqpyccWhEQYsoYzFZ6IBaJyhBGIpyU0iqMxZAYaDYHECBBsk-X-IXN18:1uqg7V:MG5Z912tnKtTTyFCjkGrm2XHqSMeNtGzAgEbJMU55wk	2025-09-08 22:56:57.651511+00
k2741aj2z4twmh8tb98k4xl2b2i3ylvd	.eJxVjMsOwiAQRf-FtSECAwMu3fsNZHhJ1UBS2pXx322TLnR7zzn3zTytS_XryLOfErswx06_W6D4zG0H6UHt3nnsbZmnwHeFH3TwW0_5dT3cv4NKo2412SDIqpyccWhEQYsoYzFZ6IBaJyhBGIpyU0iqMxZAYaDYHECBBsk-X-IXN18:1uqg7V:MG5Z912tnKtTTyFCjkGrm2XHqSMeNtGzAgEbJMU55wk	2025-09-08 22:56:57.781551+00
6majmya0ys395ms1gm0reczgax8et3nn	.eJxVjEsOwiAUAO_C2pDy6YPn0n3PQIAHUjWQlHZlvLsh6UK3M5N5M-ePvbijp82txK5MaHb5hcHHZ6rD0MPXe-Ox1X1bAx8JP23nS6P0up3t36D4XsaXtAFQGDPgjDFYDGQo50lJyBox4CRmC5itkqQ8koVoQIGOAXUSkn2--OA3fg:1urBZA:Zstitu10yRBQtN35DT4wQtpZQQ6450M3wwtmQ0LxlY0	2025-09-10 08:31:36.883018+00
\.


--
-- Name: auth_group_id_seq; Type: SEQUENCE SET; Schema: public; Owner: ghost
--

SELECT pg_catalog.setval('public.auth_group_id_seq', 1, false);


--
-- Name: auth_group_permissions_id_seq; Type: SEQUENCE SET; Schema: public; Owner: ghost
--

SELECT pg_catalog.setval('public.auth_group_permissions_id_seq', 1, false);


--
-- Name: auth_permission_id_seq; Type: SEQUENCE SET; Schema: public; Owner: ghost
--

SELECT pg_catalog.setval('public.auth_permission_id_seq', 60, true);


--
-- Name: auth_user_groups_id_seq; Type: SEQUENCE SET; Schema: public; Owner: ghost
--

SELECT pg_catalog.setval('public.auth_user_groups_id_seq', 1, false);


--
-- Name: auth_user_id_seq; Type: SEQUENCE SET; Schema: public; Owner: ghost
--

SELECT pg_catalog.setval('public.auth_user_id_seq', 1, true);


--
-- Name: auth_user_user_permissions_id_seq; Type: SEQUENCE SET; Schema: public; Owner: ghost
--

SELECT pg_catalog.setval('public.auth_user_user_permissions_id_seq', 1, false);


--
-- Name: core_aimodel_id_seq; Type: SEQUENCE SET; Schema: public; Owner: ghost
--

SELECT pg_catalog.setval('public.core_aimodel_id_seq', 1, false);


--
-- Name: core_car_id_seq; Type: SEQUENCE SET; Schema: public; Owner: ghost
--

SELECT pg_catalog.setval('public.core_car_id_seq', 3, true);


--
-- Name: core_parkinglot_id_seq; Type: SEQUENCE SET; Schema: public; Owner: ghost
--

SELECT pg_catalog.setval('public.core_parkinglot_id_seq', 1, false);


--
-- Name: core_parkingsession_id_seq; Type: SEQUENCE SET; Schema: public; Owner: ghost
--

SELECT pg_catalog.setval('public.core_parkingsession_id_seq', 1, false);


--
-- Name: core_parkingspot_id_seq; Type: SEQUENCE SET; Schema: public; Owner: ghost
--

SELECT pg_catalog.setval('public.core_parkingspot_id_seq', 1, false);


--
-- Name: core_role_id_seq; Type: SEQUENCE SET; Schema: public; Owner: ghost
--

SELECT pg_catalog.setval('public.core_role_id_seq', 3, true);


--
-- Name: core_user_groups_id_seq; Type: SEQUENCE SET; Schema: public; Owner: ghost
--

SELECT pg_catalog.setval('public.core_user_groups_id_seq', 1, false);


--
-- Name: core_user_id_seq; Type: SEQUENCE SET; Schema: public; Owner: ghost
--

SELECT pg_catalog.setval('public.core_user_id_seq', 16, true);


--
-- Name: core_user_user_permissions_id_seq; Type: SEQUENCE SET; Schema: public; Owner: ghost
--

SELECT pg_catalog.setval('public.core_user_user_permissions_id_seq', 1, false);


--
-- Name: django_admin_log_id_seq; Type: SEQUENCE SET; Schema: public; Owner: ghost
--

SELECT pg_catalog.setval('public.django_admin_log_id_seq', 1, false);


--
-- Name: django_content_type_id_seq; Type: SEQUENCE SET; Schema: public; Owner: ghost
--

SELECT pg_catalog.setval('public.django_content_type_id_seq', 15, true);


--
-- Name: django_migrations_id_seq; Type: SEQUENCE SET; Schema: public; Owner: ghost
--

SELECT pg_catalog.setval('public.django_migrations_id_seq', 24, true);


--
-- Name: auth_group auth_group_name_key; Type: CONSTRAINT; Schema: public; Owner: ghost
--

ALTER TABLE ONLY public.auth_group
    ADD CONSTRAINT auth_group_name_key UNIQUE (name);


--
-- Name: auth_group_permissions auth_group_permissions_group_id_permission_id_0cd325b0_uniq; Type: CONSTRAINT; Schema: public; Owner: ghost
--

ALTER TABLE ONLY public.auth_group_permissions
    ADD CONSTRAINT auth_group_permissions_group_id_permission_id_0cd325b0_uniq UNIQUE (group_id, permission_id);


--
-- Name: auth_group_permissions auth_group_permissions_pkey; Type: CONSTRAINT; Schema: public; Owner: ghost
--

ALTER TABLE ONLY public.auth_group_permissions
    ADD CONSTRAINT auth_group_permissions_pkey PRIMARY KEY (id);


--
-- Name: auth_group auth_group_pkey; Type: CONSTRAINT; Schema: public; Owner: ghost
--

ALTER TABLE ONLY public.auth_group
    ADD CONSTRAINT auth_group_pkey PRIMARY KEY (id);


--
-- Name: auth_permission auth_permission_content_type_id_codename_01ab375a_uniq; Type: CONSTRAINT; Schema: public; Owner: ghost
--

ALTER TABLE ONLY public.auth_permission
    ADD CONSTRAINT auth_permission_content_type_id_codename_01ab375a_uniq UNIQUE (content_type_id, codename);


--
-- Name: auth_permission auth_permission_pkey; Type: CONSTRAINT; Schema: public; Owner: ghost
--

ALTER TABLE ONLY public.auth_permission
    ADD CONSTRAINT auth_permission_pkey PRIMARY KEY (id);


--
-- Name: auth_user_groups auth_user_groups_pkey; Type: CONSTRAINT; Schema: public; Owner: ghost
--

ALTER TABLE ONLY public.auth_user_groups
    ADD CONSTRAINT auth_user_groups_pkey PRIMARY KEY (id);


--
-- Name: auth_user_groups auth_user_groups_user_id_group_id_94350c0c_uniq; Type: CONSTRAINT; Schema: public; Owner: ghost
--

ALTER TABLE ONLY public.auth_user_groups
    ADD CONSTRAINT auth_user_groups_user_id_group_id_94350c0c_uniq UNIQUE (user_id, group_id);


--
-- Name: auth_user auth_user_pkey; Type: CONSTRAINT; Schema: public; Owner: ghost
--

ALTER TABLE ONLY public.auth_user
    ADD CONSTRAINT auth_user_pkey PRIMARY KEY (id);


--
-- Name: auth_user_user_permissions auth_user_user_permissions_pkey; Type: CONSTRAINT; Schema: public; Owner: ghost
--

ALTER TABLE ONLY public.auth_user_user_permissions
    ADD CONSTRAINT auth_user_user_permissions_pkey PRIMARY KEY (id);


--
-- Name: auth_user_user_permissions auth_user_user_permissions_user_id_permission_id_14a6b632_uniq; Type: CONSTRAINT; Schema: public; Owner: ghost
--

ALTER TABLE ONLY public.auth_user_user_permissions
    ADD CONSTRAINT auth_user_user_permissions_user_id_permission_id_14a6b632_uniq UNIQUE (user_id, permission_id);


--
-- Name: auth_user auth_user_username_key; Type: CONSTRAINT; Schema: public; Owner: ghost
--

ALTER TABLE ONLY public.auth_user
    ADD CONSTRAINT auth_user_username_key UNIQUE (username);


--
-- Name: core_aimodel core_aimodel_pkey; Type: CONSTRAINT; Schema: public; Owner: ghost
--

ALTER TABLE ONLY public.core_aimodel
    ADD CONSTRAINT core_aimodel_pkey PRIMARY KEY (id);


--
-- Name: core_car core_car_license_plate_key; Type: CONSTRAINT; Schema: public; Owner: ghost
--

ALTER TABLE ONLY public.core_car
    ADD CONSTRAINT core_car_license_plate_key UNIQUE (license_plate);


--
-- Name: core_car core_car_pkey; Type: CONSTRAINT; Schema: public; Owner: ghost
--

ALTER TABLE ONLY public.core_car
    ADD CONSTRAINT core_car_pkey PRIMARY KEY (id);


--
-- Name: core_driver core_driver_license_number_key; Type: CONSTRAINT; Schema: public; Owner: ghost
--

ALTER TABLE ONLY public.core_driver
    ADD CONSTRAINT core_driver_license_number_key UNIQUE (license_number);


--
-- Name: core_driver core_driver_phone_number_key; Type: CONSTRAINT; Schema: public; Owner: ghost
--

ALTER TABLE ONLY public.core_driver
    ADD CONSTRAINT core_driver_phone_number_key UNIQUE (phone_number);


--
-- Name: core_driver core_driver_pkey; Type: CONSTRAINT; Schema: public; Owner: ghost
--

ALTER TABLE ONLY public.core_driver
    ADD CONSTRAINT core_driver_pkey PRIMARY KEY (user_id);


--
-- Name: core_parkinglot core_parkinglot_pkey; Type: CONSTRAINT; Schema: public; Owner: ghost
--

ALTER TABLE ONLY public.core_parkinglot
    ADD CONSTRAINT core_parkinglot_pkey PRIMARY KEY (id);


--
-- Name: core_parkingsession core_parkingsession_pkey; Type: CONSTRAINT; Schema: public; Owner: ghost
--

ALTER TABLE ONLY public.core_parkingsession
    ADD CONSTRAINT core_parkingsession_pkey PRIMARY KEY (id);


--
-- Name: core_parkingspot core_parkingspot_pkey; Type: CONSTRAINT; Schema: public; Owner: ghost
--

ALTER TABLE ONLY public.core_parkingspot
    ADD CONSTRAINT core_parkingspot_pkey PRIMARY KEY (id);


--
-- Name: core_role core_role_pkey; Type: CONSTRAINT; Schema: public; Owner: ghost
--

ALTER TABLE ONLY public.core_role
    ADD CONSTRAINT core_role_pkey PRIMARY KEY (id);


--
-- Name: core_role core_role_role_name_key; Type: CONSTRAINT; Schema: public; Owner: ghost
--

ALTER TABLE ONLY public.core_role
    ADD CONSTRAINT core_role_role_name_key UNIQUE (role_name);


--
-- Name: core_serviceprovider core_serviceprovider_phone_number_key; Type: CONSTRAINT; Schema: public; Owner: ghost
--

ALTER TABLE ONLY public.core_serviceprovider
    ADD CONSTRAINT core_serviceprovider_phone_number_key UNIQUE (phone_number);


--
-- Name: core_serviceprovider core_serviceprovider_pkey; Type: CONSTRAINT; Schema: public; Owner: ghost
--

ALTER TABLE ONLY public.core_serviceprovider
    ADD CONSTRAINT core_serviceprovider_pkey PRIMARY KEY (user_id);


--
-- Name: core_user_groups core_user_groups_pkey; Type: CONSTRAINT; Schema: public; Owner: ghost
--

ALTER TABLE ONLY public.core_user_groups
    ADD CONSTRAINT core_user_groups_pkey PRIMARY KEY (id);


--
-- Name: core_user_groups core_user_groups_user_id_group_id_c82fcad1_uniq; Type: CONSTRAINT; Schema: public; Owner: ghost
--

ALTER TABLE ONLY public.core_user_groups
    ADD CONSTRAINT core_user_groups_user_id_group_id_c82fcad1_uniq UNIQUE (user_id, group_id);


--
-- Name: core_user core_user_pkey; Type: CONSTRAINT; Schema: public; Owner: ghost
--

ALTER TABLE ONLY public.core_user
    ADD CONSTRAINT core_user_pkey PRIMARY KEY (id);


--
-- Name: core_user_user_permissions core_user_user_permissions_pkey; Type: CONSTRAINT; Schema: public; Owner: ghost
--

ALTER TABLE ONLY public.core_user_user_permissions
    ADD CONSTRAINT core_user_user_permissions_pkey PRIMARY KEY (id);


--
-- Name: core_user_user_permissions core_user_user_permissions_user_id_permission_id_73ea0daa_uniq; Type: CONSTRAINT; Schema: public; Owner: ghost
--

ALTER TABLE ONLY public.core_user_user_permissions
    ADD CONSTRAINT core_user_user_permissions_user_id_permission_id_73ea0daa_uniq UNIQUE (user_id, permission_id);


--
-- Name: core_user core_user_username_key; Type: CONSTRAINT; Schema: public; Owner: ghost
--

ALTER TABLE ONLY public.core_user
    ADD CONSTRAINT core_user_username_key UNIQUE (username);


--
-- Name: django_admin_log django_admin_log_pkey; Type: CONSTRAINT; Schema: public; Owner: ghost
--

ALTER TABLE ONLY public.django_admin_log
    ADD CONSTRAINT django_admin_log_pkey PRIMARY KEY (id);


--
-- Name: django_content_type django_content_type_app_label_model_76bd3d3b_uniq; Type: CONSTRAINT; Schema: public; Owner: ghost
--

ALTER TABLE ONLY public.django_content_type
    ADD CONSTRAINT django_content_type_app_label_model_76bd3d3b_uniq UNIQUE (app_label, model);


--
-- Name: django_content_type django_content_type_pkey; Type: CONSTRAINT; Schema: public; Owner: ghost
--

ALTER TABLE ONLY public.django_content_type
    ADD CONSTRAINT django_content_type_pkey PRIMARY KEY (id);


--
-- Name: django_migrations django_migrations_pkey; Type: CONSTRAINT; Schema: public; Owner: ghost
--

ALTER TABLE ONLY public.django_migrations
    ADD CONSTRAINT django_migrations_pkey PRIMARY KEY (id);


--
-- Name: django_session django_session_pkey; Type: CONSTRAINT; Schema: public; Owner: ghost
--

ALTER TABLE ONLY public.django_session
    ADD CONSTRAINT django_session_pkey PRIMARY KEY (session_key);


--
-- Name: auth_group_name_a6ea08ec_like; Type: INDEX; Schema: public; Owner: ghost
--

CREATE INDEX auth_group_name_a6ea08ec_like ON public.auth_group USING btree (name varchar_pattern_ops);


--
-- Name: auth_group_permissions_group_id_b120cbf9; Type: INDEX; Schema: public; Owner: ghost
--

CREATE INDEX auth_group_permissions_group_id_b120cbf9 ON public.auth_group_permissions USING btree (group_id);


--
-- Name: auth_group_permissions_permission_id_84c5c92e; Type: INDEX; Schema: public; Owner: ghost
--

CREATE INDEX auth_group_permissions_permission_id_84c5c92e ON public.auth_group_permissions USING btree (permission_id);


--
-- Name: auth_permission_content_type_id_2f476e4b; Type: INDEX; Schema: public; Owner: ghost
--

CREATE INDEX auth_permission_content_type_id_2f476e4b ON public.auth_permission USING btree (content_type_id);


--
-- Name: auth_user_groups_group_id_97559544; Type: INDEX; Schema: public; Owner: ghost
--

CREATE INDEX auth_user_groups_group_id_97559544 ON public.auth_user_groups USING btree (group_id);


--
-- Name: auth_user_groups_user_id_6a12ed8b; Type: INDEX; Schema: public; Owner: ghost
--

CREATE INDEX auth_user_groups_user_id_6a12ed8b ON public.auth_user_groups USING btree (user_id);


--
-- Name: auth_user_user_permissions_permission_id_1fbb5f2c; Type: INDEX; Schema: public; Owner: ghost
--

CREATE INDEX auth_user_user_permissions_permission_id_1fbb5f2c ON public.auth_user_user_permissions USING btree (permission_id);


--
-- Name: auth_user_user_permissions_user_id_a95ead1b; Type: INDEX; Schema: public; Owner: ghost
--

CREATE INDEX auth_user_user_permissions_user_id_a95ead1b ON public.auth_user_user_permissions USING btree (user_id);


--
-- Name: auth_user_username_6821ab7c_like; Type: INDEX; Schema: public; Owner: ghost
--

CREATE INDEX auth_user_username_6821ab7c_like ON public.auth_user USING btree (username varchar_pattern_ops);


--
-- Name: core_aimodel_lot_id_0ea53d5f; Type: INDEX; Schema: public; Owner: ghost
--

CREATE INDEX core_aimodel_lot_id_0ea53d5f ON public.core_aimodel USING btree (lot_id);


--
-- Name: core_car_driver_id_c09d1eef; Type: INDEX; Schema: public; Owner: ghost
--

CREATE INDEX core_car_driver_id_c09d1eef ON public.core_car USING btree (driver_id);


--
-- Name: core_car_license_plate_608c3b08_like; Type: INDEX; Schema: public; Owner: ghost
--

CREATE INDEX core_car_license_plate_608c3b08_like ON public.core_car USING btree (license_plate varchar_pattern_ops);


--
-- Name: core_driver_license_number_4c15eede_like; Type: INDEX; Schema: public; Owner: ghost
--

CREATE INDEX core_driver_license_number_4c15eede_like ON public.core_driver USING btree (license_number varchar_pattern_ops);


--
-- Name: core_driver_phone_number_68c8d676_like; Type: INDEX; Schema: public; Owner: ghost
--

CREATE INDEX core_driver_phone_number_68c8d676_like ON public.core_driver USING btree (phone_number varchar_pattern_ops);


--
-- Name: core_parkinglot_provider_id_3e01e0cc; Type: INDEX; Schema: public; Owner: ghost
--

CREATE INDEX core_parkinglot_provider_id_3e01e0cc ON public.core_parkinglot USING btree (provider_id);


--
-- Name: core_parkingsession_car_id_debf0b38; Type: INDEX; Schema: public; Owner: ghost
--

CREATE INDEX core_parkingsession_car_id_debf0b38 ON public.core_parkingsession USING btree (car_id);


--
-- Name: core_parkingsession_spot_id_2eb11072; Type: INDEX; Schema: public; Owner: ghost
--

CREATE INDEX core_parkingsession_spot_id_2eb11072 ON public.core_parkingsession USING btree (spot_id);


--
-- Name: core_parkingspot_lot_id_2845ea52; Type: INDEX; Schema: public; Owner: ghost
--

CREATE INDEX core_parkingspot_lot_id_2845ea52 ON public.core_parkingspot USING btree (lot_id);


--
-- Name: core_role_role_name_2e7293d3_like; Type: INDEX; Schema: public; Owner: ghost
--

CREATE INDEX core_role_role_name_2e7293d3_like ON public.core_role USING btree (role_name varchar_pattern_ops);


--
-- Name: core_serviceprovider_phone_number_d5cd73de_like; Type: INDEX; Schema: public; Owner: ghost
--

CREATE INDEX core_serviceprovider_phone_number_d5cd73de_like ON public.core_serviceprovider USING btree (phone_number varchar_pattern_ops);


--
-- Name: core_user_groups_group_id_fe8c697f; Type: INDEX; Schema: public; Owner: ghost
--

CREATE INDEX core_user_groups_group_id_fe8c697f ON public.core_user_groups USING btree (group_id);


--
-- Name: core_user_groups_user_id_70b4d9b8; Type: INDEX; Schema: public; Owner: ghost
--

CREATE INDEX core_user_groups_user_id_70b4d9b8 ON public.core_user_groups USING btree (user_id);


--
-- Name: core_user_role_id_8de62872; Type: INDEX; Schema: public; Owner: ghost
--

CREATE INDEX core_user_role_id_8de62872 ON public.core_user USING btree (role_id);


--
-- Name: core_user_user_permissions_permission_id_35ccf601; Type: INDEX; Schema: public; Owner: ghost
--

CREATE INDEX core_user_user_permissions_permission_id_35ccf601 ON public.core_user_user_permissions USING btree (permission_id);


--
-- Name: core_user_user_permissions_user_id_085123d3; Type: INDEX; Schema: public; Owner: ghost
--

CREATE INDEX core_user_user_permissions_user_id_085123d3 ON public.core_user_user_permissions USING btree (user_id);


--
-- Name: core_user_username_36e4f7f7_like; Type: INDEX; Schema: public; Owner: ghost
--

CREATE INDEX core_user_username_36e4f7f7_like ON public.core_user USING btree (username varchar_pattern_ops);


--
-- Name: django_admin_log_content_type_id_c4bce8eb; Type: INDEX; Schema: public; Owner: ghost
--

CREATE INDEX django_admin_log_content_type_id_c4bce8eb ON public.django_admin_log USING btree (content_type_id);


--
-- Name: django_admin_log_user_id_c564eba6; Type: INDEX; Schema: public; Owner: ghost
--

CREATE INDEX django_admin_log_user_id_c564eba6 ON public.django_admin_log USING btree (user_id);


--
-- Name: django_session_expire_date_a5c62663; Type: INDEX; Schema: public; Owner: ghost
--

CREATE INDEX django_session_expire_date_a5c62663 ON public.django_session USING btree (expire_date);


--
-- Name: django_session_session_key_c0390e0f_like; Type: INDEX; Schema: public; Owner: ghost
--

CREATE INDEX django_session_session_key_c0390e0f_like ON public.django_session USING btree (session_key varchar_pattern_ops);


--
-- Name: auth_group_permissions auth_group_permissio_permission_id_84c5c92e_fk_auth_perm; Type: FK CONSTRAINT; Schema: public; Owner: ghost
--

ALTER TABLE ONLY public.auth_group_permissions
    ADD CONSTRAINT auth_group_permissio_permission_id_84c5c92e_fk_auth_perm FOREIGN KEY (permission_id) REFERENCES public.auth_permission(id) DEFERRABLE INITIALLY DEFERRED;


--
-- Name: auth_group_permissions auth_group_permissions_group_id_b120cbf9_fk_auth_group_id; Type: FK CONSTRAINT; Schema: public; Owner: ghost
--

ALTER TABLE ONLY public.auth_group_permissions
    ADD CONSTRAINT auth_group_permissions_group_id_b120cbf9_fk_auth_group_id FOREIGN KEY (group_id) REFERENCES public.auth_group(id) DEFERRABLE INITIALLY DEFERRED;


--
-- Name: auth_permission auth_permission_content_type_id_2f476e4b_fk_django_co; Type: FK CONSTRAINT; Schema: public; Owner: ghost
--

ALTER TABLE ONLY public.auth_permission
    ADD CONSTRAINT auth_permission_content_type_id_2f476e4b_fk_django_co FOREIGN KEY (content_type_id) REFERENCES public.django_content_type(id) DEFERRABLE INITIALLY DEFERRED;


--
-- Name: auth_user_groups auth_user_groups_group_id_97559544_fk_auth_group_id; Type: FK CONSTRAINT; Schema: public; Owner: ghost
--

ALTER TABLE ONLY public.auth_user_groups
    ADD CONSTRAINT auth_user_groups_group_id_97559544_fk_auth_group_id FOREIGN KEY (group_id) REFERENCES public.auth_group(id) DEFERRABLE INITIALLY DEFERRED;


--
-- Name: auth_user_groups auth_user_groups_user_id_6a12ed8b_fk_auth_user_id; Type: FK CONSTRAINT; Schema: public; Owner: ghost
--

ALTER TABLE ONLY public.auth_user_groups
    ADD CONSTRAINT auth_user_groups_user_id_6a12ed8b_fk_auth_user_id FOREIGN KEY (user_id) REFERENCES public.auth_user(id) DEFERRABLE INITIALLY DEFERRED;


--
-- Name: auth_user_user_permissions auth_user_user_permi_permission_id_1fbb5f2c_fk_auth_perm; Type: FK CONSTRAINT; Schema: public; Owner: ghost
--

ALTER TABLE ONLY public.auth_user_user_permissions
    ADD CONSTRAINT auth_user_user_permi_permission_id_1fbb5f2c_fk_auth_perm FOREIGN KEY (permission_id) REFERENCES public.auth_permission(id) DEFERRABLE INITIALLY DEFERRED;


--
-- Name: auth_user_user_permissions auth_user_user_permissions_user_id_a95ead1b_fk_auth_user_id; Type: FK CONSTRAINT; Schema: public; Owner: ghost
--

ALTER TABLE ONLY public.auth_user_user_permissions
    ADD CONSTRAINT auth_user_user_permissions_user_id_a95ead1b_fk_auth_user_id FOREIGN KEY (user_id) REFERENCES public.auth_user(id) DEFERRABLE INITIALLY DEFERRED;


--
-- Name: core_aimodel core_aimodel_lot_id_0ea53d5f_fk_core_parkinglot_id; Type: FK CONSTRAINT; Schema: public; Owner: ghost
--

ALTER TABLE ONLY public.core_aimodel
    ADD CONSTRAINT core_aimodel_lot_id_0ea53d5f_fk_core_parkinglot_id FOREIGN KEY (lot_id) REFERENCES public.core_parkinglot(id) DEFERRABLE INITIALLY DEFERRED;


--
-- Name: core_car core_car_driver_id_c09d1eef_fk_core_driver_user_id; Type: FK CONSTRAINT; Schema: public; Owner: ghost
--

ALTER TABLE ONLY public.core_car
    ADD CONSTRAINT core_car_driver_id_c09d1eef_fk_core_driver_user_id FOREIGN KEY (driver_id) REFERENCES public.core_driver(user_id) DEFERRABLE INITIALLY DEFERRED;


--
-- Name: core_driver core_driver_user_id_bdd60846_fk_core_user_id; Type: FK CONSTRAINT; Schema: public; Owner: ghost
--

ALTER TABLE ONLY public.core_driver
    ADD CONSTRAINT core_driver_user_id_bdd60846_fk_core_user_id FOREIGN KEY (user_id) REFERENCES public.core_user(id) DEFERRABLE INITIALLY DEFERRED;


--
-- Name: core_parkinglot core_parkinglot_provider_id_3e01e0cc_fk_core_serv; Type: FK CONSTRAINT; Schema: public; Owner: ghost
--

ALTER TABLE ONLY public.core_parkinglot
    ADD CONSTRAINT core_parkinglot_provider_id_3e01e0cc_fk_core_serv FOREIGN KEY (provider_id) REFERENCES public.core_serviceprovider(user_id) DEFERRABLE INITIALLY DEFERRED;


--
-- Name: core_parkingsession core_parkingsession_car_id_debf0b38_fk_core_car_id; Type: FK CONSTRAINT; Schema: public; Owner: ghost
--

ALTER TABLE ONLY public.core_parkingsession
    ADD CONSTRAINT core_parkingsession_car_id_debf0b38_fk_core_car_id FOREIGN KEY (car_id) REFERENCES public.core_car(id) DEFERRABLE INITIALLY DEFERRED;


--
-- Name: core_parkingsession core_parkingsession_spot_id_2eb11072_fk_core_parkingspot_id; Type: FK CONSTRAINT; Schema: public; Owner: ghost
--

ALTER TABLE ONLY public.core_parkingsession
    ADD CONSTRAINT core_parkingsession_spot_id_2eb11072_fk_core_parkingspot_id FOREIGN KEY (spot_id) REFERENCES public.core_parkingspot(id) DEFERRABLE INITIALLY DEFERRED;


--
-- Name: core_parkingspot core_parkingspot_lot_id_2845ea52_fk_core_parkinglot_id; Type: FK CONSTRAINT; Schema: public; Owner: ghost
--

ALTER TABLE ONLY public.core_parkingspot
    ADD CONSTRAINT core_parkingspot_lot_id_2845ea52_fk_core_parkinglot_id FOREIGN KEY (lot_id) REFERENCES public.core_parkinglot(id) DEFERRABLE INITIALLY DEFERRED;


--
-- Name: core_serviceprovider core_serviceprovider_user_id_a7185694_fk_core_user_id; Type: FK CONSTRAINT; Schema: public; Owner: ghost
--

ALTER TABLE ONLY public.core_serviceprovider
    ADD CONSTRAINT core_serviceprovider_user_id_a7185694_fk_core_user_id FOREIGN KEY (user_id) REFERENCES public.core_user(id) DEFERRABLE INITIALLY DEFERRED;


--
-- Name: core_user_groups core_user_groups_group_id_fe8c697f_fk_auth_group_id; Type: FK CONSTRAINT; Schema: public; Owner: ghost
--

ALTER TABLE ONLY public.core_user_groups
    ADD CONSTRAINT core_user_groups_group_id_fe8c697f_fk_auth_group_id FOREIGN KEY (group_id) REFERENCES public.auth_group(id) DEFERRABLE INITIALLY DEFERRED;


--
-- Name: core_user_groups core_user_groups_user_id_70b4d9b8_fk_core_user_id; Type: FK CONSTRAINT; Schema: public; Owner: ghost
--

ALTER TABLE ONLY public.core_user_groups
    ADD CONSTRAINT core_user_groups_user_id_70b4d9b8_fk_core_user_id FOREIGN KEY (user_id) REFERENCES public.core_user(id) DEFERRABLE INITIALLY DEFERRED;


--
-- Name: core_user core_user_role_id_8de62872_fk_core_role_id; Type: FK CONSTRAINT; Schema: public; Owner: ghost
--

ALTER TABLE ONLY public.core_user
    ADD CONSTRAINT core_user_role_id_8de62872_fk_core_role_id FOREIGN KEY (role_id) REFERENCES public.core_role(id) DEFERRABLE INITIALLY DEFERRED;


--
-- Name: core_user_user_permissions core_user_user_permi_permission_id_35ccf601_fk_auth_perm; Type: FK CONSTRAINT; Schema: public; Owner: ghost
--

ALTER TABLE ONLY public.core_user_user_permissions
    ADD CONSTRAINT core_user_user_permi_permission_id_35ccf601_fk_auth_perm FOREIGN KEY (permission_id) REFERENCES public.auth_permission(id) DEFERRABLE INITIALLY DEFERRED;


--
-- Name: core_user_user_permissions core_user_user_permissions_user_id_085123d3_fk_core_user_id; Type: FK CONSTRAINT; Schema: public; Owner: ghost
--

ALTER TABLE ONLY public.core_user_user_permissions
    ADD CONSTRAINT core_user_user_permissions_user_id_085123d3_fk_core_user_id FOREIGN KEY (user_id) REFERENCES public.core_user(id) DEFERRABLE INITIALLY DEFERRED;


--
-- Name: django_admin_log django_admin_log_content_type_id_c4bce8eb_fk_django_co; Type: FK CONSTRAINT; Schema: public; Owner: ghost
--

ALTER TABLE ONLY public.django_admin_log
    ADD CONSTRAINT django_admin_log_content_type_id_c4bce8eb_fk_django_co FOREIGN KEY (content_type_id) REFERENCES public.django_content_type(id) DEFERRABLE INITIALLY DEFERRED;


--
-- Name: django_admin_log django_admin_log_user_id_c564eba6_fk_auth_user_id; Type: FK CONSTRAINT; Schema: public; Owner: ghost
--

ALTER TABLE ONLY public.django_admin_log
    ADD CONSTRAINT django_admin_log_user_id_c564eba6_fk_auth_user_id FOREIGN KEY (user_id) REFERENCES public.auth_user(id) DEFERRABLE INITIALLY DEFERRED;


--
-- PostgreSQL database dump complete
--

